eumjul,roman
꺼,'keo'
덜,'deol'
썸,'seom'
냅,'naeb'
탤,'tael'
관,'gwan'
패,'pae'
빠,'pa'
년,'nyeon'
룸,'rum'
흘,'heul'
들,'deul'
행,'haeng'
앟,'ah'
꽃,'koch'
퐁,'pong'
껒,'keoj'
딤,'dim'
해,'hae'
혈,'hyeol'
꽁,'kong'
옇,'yeoh'
간,'gan'
님,'nim'
결,'gyeol'
풀,'pul'
헬,'hel'
셕,'syeog'
튼,'teun'
증,'jeung'
출,'chul'
휨,'hwim'
쫘,'chwa'
누,'nu'
렉,'reg'
읓,'euch'
왠,'waen'
젔,'jeos'
샄,'sak'
땬,'tyan'
참,'cham'
헀,'hyaes'
봄,'bom'
댑,'daeb'
굵,'gulg'
딱,'tag'
필,'pil'
움,'um'
핬,'has'
와,'wa'
정,'jeong'
쾡,'kwaeng'
둣,'dus'
덟,'deolb'
표,'pyo'
칩,'chib'
캔,'kaen'
떼,'te'
빰,'pam'
왬,'waem'
뵈,'boe'
맙,'mab'
손,'son'
격,'gyeog'
램,'raem'
갗,'gach'
좋,'joh'
즌,'jeun'
톤,'ton'
뱀,'baem'
쒸,'swi'
빙,'bing'
줏,'jus'
갖,'gaj'
잌,'ik'
친,'chin'
띠,'ti'
리,'ri'
쩌,'cheo'
딪,'dij'
컥,'keog'
제,'je'
띄,'tui'
윜,'wik'
떰,'teom'
띤,'tin'
번,'beon'
쿨,'kul'
왁,'wag'
햇,'haes'
뭣,'mwos'
뤄,'rwo'
됐,'dwaes'
낚,'nak'
졌,'jyeos'
훔,'hum'
칟,'chid'
짼,'chaen'
뾰,'pyo'
좌,'jwa'
횃,'hwaes'
훌,'hul'
둔,'dun'
탱,'taeng'
쩜,'cheom'
쎤,'syeon'
어,'eo'
눈,'nun'
솨,'swa'
응,'eung'
횡,'hoeng'
촙,'chob'
잣,'jas'
뭰,'mwen'
웸,'wem'
파,'pa'
췍,'chweg'
넨,'nen'
욤,'yom'
던,'deon'
몫,'mogs'
져,'jyeo'
낭,'nang'
샘,'saem'
깬,'kaen'
닲,'dalp'
꿉,'kub'
탑,'tab'
닉,'nig'
쩧,'cheoh'
닳,'dalh'
쉼,'swim'
쫏,'chos'
띨,'til'
샆,'sap'
짙,'jit'
쇤,'soen'
뮌,'mwin'
컁,'kyang'
닝,'ning'
쑐,'syol'
숀,'syon'
겝,'geb'
쐬,'soe'
떨,'teol'
벗,'beos'
콥,'kob'
맑,'malg'
톺,'top'
듶,'deup'
야,'ya'
글,'geul'
멍,'meong'
밉,'mib'
포,'po'
율,'yul'
뭔,'mwon'
앉,'anj'
엮,'yeok'
꽝,'kwang'
넝,'neong'
쾌,'kwae'
냠,'nyam'
땽,'tyang'
왜,'wae'
급,'geub'
헷,'hes'
효,'hyo'
긍,'geung'
팔,'pal'
넘,'neom'
잍,'it'
댄,'daen'
쩔,'cheol'
뜨,'teu'
꺠,'kyae'
뒹,'dwing'
및,'mich'
읗,'euh'
휩,'hwib'
꽌,'kwan'
쌉,'sab'
짱,'chang'
햘,'hyal'
홉,'hob'
덴,'den'
저,'jeo'
므,'meu'
읺,'inh'
엊,'eoj'
귤,'gyul'
깍,'kag'
찔,'chil'
겊,'geop'
앜,'ak'
잇,'is'
꼰,'kon'
쏼,'swal'
깸,'kaem'
끅,'keug'
쎔,'sem'
협,'hyeob'
옐,'yel'
챈,'chaen'
넵,'neb'
컵,'keob'
봅,'bob'
윌,'wil'
히,'hi'
캡,'kaeb'
밧,'bas'
췻,'chwis'
깔,'kal'
꼳,'kod'
범,'beom'
얘,'yae'
싧,'silb'
벡,'beg'
쉰,'swin'
봘,'bwal'
샜,'saes'
톡,'tog'
뙤,'toe'
때,'tae'
붓,'bus'
깃,'gis'
뺀,'paen'
젤,'jel'
닮,'dalm'
쌘,'saen'
평,'pyeong'
죵,'jyong'
모,'mo'
벳,'bes'
갰,'gaes'
숙,'sug'
풍,'pung'
웡,'wong'
겨,'gyeo'
뮴,'myum'
틔,'tui'
겅,'geong'
땟,'taes'
툿,'tus'
꿑,'kut'
탠,'taen'
왝,'waeg'
늠,'neum'
믾,'minh'
췰,'chwil'
푱,'pyong'
룰,'rul'
귿,'geud'
롬,'rom'
밴,'baen'
냥,'nyang'
낌,'kim'
러,'reo'
펙,'peg'
뼘,'pyeom'
쿈,'kyon'
칙,'chig'
갸,'gya'
퀴,'kwi'
붙,'but'
캠,'kaem'
략,'ryag'
얾,'eolm'
쳔,'chyeon'
쇳,'soes'
깡,'kang'
싻,'sags'
창,'chang'
빶,'paj'
춴,'chwon'
웬,'wen'
깟,'kas'
목,'mog'
솟,'sos'
씻,'sis'
빱,'pab'
걘,'gyaen'
우,'u'
릇,'reus'
곡,'gog'
왕,'wang'
멋,'meos'
큰,'keun'
괄,'gwal'
싣,'sid'
녈,'nyeol'
춧,'chus'
릭,'rig'
퍄,'pya'
걋,'gyas'
담,'dam'
탔,'tas'
쐐,'swae'
흣,'heus'
류,'ryu'
옌,'yen'
작,'jag'
꽨,'kwaen'
횠,'hoes'
큐,'kyu'
틴,'tin'
룟,'ryos'
닷,'das'
숴,'swo'
넜,'neos'
나,'na'
놥,'nwab'
촐,'chol'
땐,'taen'
근,'geun'
냐,'nya'
깠,'kas'
숩,'sub'
빕,'bib'
읊,'eulp'
닫,'dad'
겼,'gyeos'
캥,'kaeng'
뫠,'mwae'
톱,'tob'
딜,'dil'
씼,'sis'
싱,'sing'
얗,'yah'
쏟,'sod'
뻔,'peon'
눔,'num'
쑈,'syo'
잧,'jach'
신,'sin'
밷,'baed'
늰,'nuin'
삭,'sag'
맜,'mas'
밑,'mit'
놨,'nwas'
샾,'syap'
홍,'hong'
굉,'goeng'
슛,'syus'
쩄,'chyaes'
얐,'yas'
맸,'maes'
맬,'mael'
셋,'ses'
궝,'gwong'
늫,'neuh'
멧,'mes'
각,'gag'
안,'an'
뭐,'mwo'
역,'yeog'
휠,'hwil'
꿨,'kwos'
턱,'teog'
굽,'gub'
씬,'sin'
춘,'chun'
콧,'kos'
뇸,'nyom'
폿,'pos'
씹,'sib'
랗,'rah'
섭,'seob'
튠,'tyun'
다,'da'
딥,'dib'
못,'mos'
셰,'sye'
쭐,'chul'
호,'ho'
맫,'maed'
뷜,'bwil'
텟,'tes'
애,'ae'
팰,'pael'
웃,'us'
툰,'tun'
낵,'naeg'
굶,'gulm'
짖,'jij'
듭,'deub'
합,'hab'
넬,'nel'
땄,'tas'
휙,'hwig'
뜸,'teum'
뀰,'kyul'
쯕,'cheug'
줐,'jus'
믿,'mid'
폼,'pom'
씸,'sim'
맴,'maem'
셍,'seng'
풰,'pwe'
문,'mun'
쉅,'swob'
째,'chae'
콴,'kwan'
됩,'doeb'
쭝,'chung'
쭈,'chu'
방,'bang'
뷥,'bwib'
쁩,'peub'
욍,'oeng'
쨈,'chaem'
씅,'seung'
쨉,'chaeb'
헜,'heos'
떄,'tyae'
뽀,'po'
뻘,'peol'
쒯,'swes'
빝,'bit'
쒔,'swos'
잽,'jaeb'
뗌,'tem'
무,'mu'
낑,'king'
컸,'keos'
쫒,'choj'
든,'deun'
뱌,'bya'
스,'seu'
잴,'jael'
쫬,'chwas'
휀,'hwen'
솔,'sol'
짬,'cham'
푯,'pyos'
햔,'hyan'
찧,'chih'
몰,'mol'
퇴,'toe'
틱,'tig'
룡,'ryong'
룬,'run'
붕,'bung'
부,'bu'
띌,'tuil'
츤,'cheun'
탯,'taes'
골,'gol'
독,'dog'
조,'jo'
추,'chu'
갬,'gaem'
핟,'had'
쩰,'chel'
밋,'mis'
냔,'nyan'
늡,'neub'
꽂,'koj'
킨,'kin'
팤,'pak'
혹,'hog'
봬,'bwae'
돠,'dwa'
벰,'bem'
켰,'kyeos'
닸,'das'
샵,'syab'
휜,'hwin'
쉴,'swil'
헙,'heob'
보,'bo'
유,'yu'
색,'saeg'
싷,'sih'
법,'beob'
왔,'was'
햐,'hya'
젠,'jen'
뻑,'peog'
좔,'jwal'
꽐,'kwal'
뇬,'nyon'
려,'ryeo'
탁,'tag'
슌,'syun'
뵐,'boel'
굑,'gyog'
찌,'chi'
땃,'tas'
숟,'sud'
샌,'saen'
빳,'pas'
픅,'peug'
좍,'jwag'
륨,'ryum'
햑,'hyag'
억,'eog'
깎,'kak'
균,'gyun'
낱,'nat'
쩐,'cheon'
뼜,'pyeos'
컬,'keol'
뭇,'mus'
맡,'mat'
동,'dong'
쎼,'sye'
미,'mi'
쎘,'ses'
똔,'ton'
콰,'kwa'
숑,'syong'
빘,'bis'
뜌,'tyu'
벨,'bel'
쎄,'se'
섀,'syae'
염,'yeom'
빻,'pah'
졸,'jol'
랑,'rang'
직,'jig'
낀,'kin'
겁,'geob'
늉,'nyung'
점,'jeom'
싯,'sis'
떔,'tyaem'
희,'hui'
긌,'geus'
맇,'rih'
짢,'chanh'
줍,'jub'
짔,'jis'
쌕,'saeg'
메,'me'
꼈,'kyeos'
쿼,'kwo'
잠,'jam'
젼,'jyeon'
솎,'sok'
꿈,'kum'
쫙,'chwag'
푼,'pun'
샨,'syan'
횻,'hyos'
림,'rim'
젯,'jes'
쵝,'choeg'
쁸,'puin'
쮸,'chyu'
몸,'mom'
룐,'ryon'
헌,'heon'
죈,'joen'
빌,'bil'
챤,'chyan'
켕,'keng'
앺,'aep'
쬠,'choem'
폔,'pyen'
튕,'twing'
뀌,'kwi'
룔,'ryol'
넚,'neobs'
솜,'som'
냑,'nyag'
덕,'deog'
짹,'chaeg'
훕,'hub'
탈,'tal'
획,'hoeg'
푸,'pu'
랭,'raeng'
씃,'seus'
츈,'chyun'
강,'gang'
쌤,'saem'
페,'pe'
큽,'keub'
먺,'meok'
숫,'sus'
뽁,'pog'
흄,'hyum'
혀,'hyeo'
픽,'pig'
좁,'job'
곈,'gyen'
록,'rog'
퓩,'pyug'
갯,'gaes'
홋,'hos'
튈,'twil'
떙,'tyaeng'
냣,'nyas'
짭,'chab'
속,'sog'
심,'sim'
서,'seo'
젖,'jeoj'
뱉,'baet'
흐,'heu'
펐,'peos'
뻠,'peom'
먄,'myan'
농,'nong'
럭,'reog'
그,'geu'
북,'bug'
퀵,'kwig'
쪼,'cho'
웁,'ub'
캬,'kya'
땋,'tah'
몪,'mok'
퉁,'tung'
릎,'reup'
봔,'bwan'
브,'beu'
넒,'neolm'
마,'ma'
개,'gae'
짓,'jis'
께,'ke'
헛,'heos'
뙈,'twae'
쪽,'chog'
읭,'uing'
써,'seo'
맺,'maej'
쿰,'kum'
툴,'tul'
긔,'gui'
긴,'gin'
피,'pi'
잼,'jaem'
팩,'paeg'
뺐,'paes'
루,'ru'
펫,'pes'
윈,'win'
뷔,'bwi'
뒀,'dwos'
넣,'neoh'
뱅,'baeng'
돋,'dod'
툼,'tum'
큘,'kyul'
쑬,'sul'
빡,'pag'
뎄,'des'
륙,'ryug'
뺸,'pyaen'
클,'keul'
췬,'chwin'
곰,'gom'
거,'geo'
넉,'neog'
꾼,'kun'
랩,'raeb'
층,'cheung'
맘,'mam'
곧,'god'
숱,'sut'
젱,'jeng'
듸,'dui'
칵,'kag'
삘,'pil'
줋,'julh'
킴,'kim'
짠,'chan'
렬,'ryeol'
굿,'gus'
봇,'bos'
멈,'meom'
갹,'gyag'
놏,'noch'
콩,'kong'
뽄,'pon'
벽,'byeog'
낄,'kil'
뚝,'tug'
금,'geum'
쌨,'saes'
떡,'teog'
잡,'jab'
걀,'gyal'
칠,'chil'
꺾,'keok'
왤,'wael'
덤,'deom'
헴,'hem'
륜,'ryun'
췄,'chwos'
트,'teu'
띈,'tuin'
몀,'myeom'
매,'mae'
쥬,'jyu'
쭙,'chub'
딛,'did'
랮,'raej'
생,'saeng'
켠,'kyeon'
되,'doe'
텁,'teob'
깞,'kabs'
으,'eu'
킬,'kil'
익,'ig'
빾,'paek'
퀭,'kweng'
컴,'keom'
팀,'tim'
네,'ne'
통,'tong'
쯔,'cheu'
융,'yung'
꿋,'kus'
슨,'seun'
듯,'deus'
틉,'teub'
밀,'mil'
챕,'chaeb'
뿌,'pu'
놈,'nom'
허,'heo'
햅,'haeb'
얌,'yam'
쫓,'choch'
퀄,'kwol'
켄,'ken'
멏,'meoch'
썼,'seos'
헨,'hen'
않,'anh'
낫,'nas'
귈,'gwil'
멕,'meg'
옼,'ok'
눅,'nug'
왼,'oen'
앏,'alb'
쀨,'pwil'
엘,'el'
텼,'tyeos'
읠,'uil'
궁,'gung'
앝,'at'
얫,'yaes'
여,'yeo'
샤,'sya'
닙,'nib'
괏,'gwas'
텍,'teg'
켑,'keb'
뜬,'teun'
렜,'res'
톰,'tom'
됑,'dwaeng'
뵤,'byo'
활,'hwal'
흉,'hyung'
엌,'eok'
팹,'paeb'
길,'gil'
봈,'bos'
놋,'nos'
탬,'taem'
쯧,'cheus'
챃,'chah'
텀,'teom'
읃,'eud'
챠,'chya'
댕,'daeng'
쐈,'swas'
케,'ke'
곶,'goj'
둡,'dub'
붇,'bud'
웩,'weg'
떌,'tyael'
읍,'eub'
랖,'rap'
슴,'seum'
찬,'chan'
최,'choe'
퍈,'pyan'
딕,'dig'
워,'wo'
늣,'neus'
윙,'wing'
켤,'kyeol'
완,'wan'
짧,'chalb'
슷,'seus'
땔,'tael'
척,'cheog'
즙,'jeub'
샐,'sael'
끕,'keub'
원,'won'
뽕,'pong'
쨩,'chyang'
궜,'gwos'
숭,'sung'
쑹,'sung'
졀,'jyeol'
순,'sun'
셔,'syeo'
셉,'seb'
괍,'gwab'
쥣,'jwis'
책,'chaeg'
흙,'heulg'
펠,'pel'
샷,'syas'
깻,'kaes'
돼,'dwae'
뭡,'mwob'
촌,'chon'
갓,'gas'
늗,'neud'
엑,'eg'
얋,'yalh'
쇠,'soe'
옛,'yes'
셜,'syeol'
끄,'keu'
먹,'meog'
쓸,'seul'
찐,'chin'
뵀,'bwaes'
촤,'chwa'
됀,'dwaen'
찠,'chis'
교,'gyo'
씩,'sig'
병,'byeong'
쿱,'kub'
훤,'hwon'
늘,'neul'
예,'ye'
큼,'keum'
측,'cheug'
탰,'taes'
셧,'syeos'
숨,'sum'
끓,'keulh'
석,'seog'
훜,'huk'
쭉,'chug'
쎅,'seg'
훠,'hwo'
웹,'web'
쥴,'jyul'
아,'a'
묜,'myon'
틋,'teus'
럐,'ryae'
링,'ring'
뤃,'ruh'
읜,'uin'
말,'mal'
핥,'halt'
읐,'eus'
취,'chwi'
삿,'sas'
를,'reul'
쌔,'sae'
짆,'jinh'
냡,'nyab'
큄,'kwim'
뎡,'dyeong'
떫,'teolb'
쌈,'sam'
퍼,'peo'
있,'is'
뛰,'twi'
묘,'myo'
없,'eobs'
뎃,'des'
쏸,'swan'
잖,'janh'
눌,'nul'
꼐,'kye'
랠,'rael'
흝,'heult'
뿝,'pub'
뜀,'twim'
쥘,'jwil'
얖,'yap'
좇,'joch'
란,'ran'
현,'hyeon'
오,'o'
일,'il'
악,'ag'
깊,'gip'
뗀,'ten'
규,'gyu'
쬐,'choe'
퇸,'toen'
꿍,'kung'
곌,'gyel'
잕,'janj'
껸,'kyeon'
특,'teug'
튄,'twin'
넋,'neogs'
맞,'maj'
디,'di'
왈,'wal'
휘,'hwi'
넴,'nem'
썻,'seos'
눟,'nuh'
뒴,'dwim'
댔,'daes'
갛,'gah'
눓,'nulh'
삯,'sags'
았,'as'
뻐,'peo'
딩,'ding'
텔,'tel'
긱,'gig'
짰,'chas'
투,'tu'
싸,'sa'
갼,'gyan'
된,'doen'
앎,'alm'
훈,'hun'
엏,'eoh'
당,'dang'
걷,'geod'
믄,'meun'
륭,'ryung'
곘,'gyes'
밚,'banh'
묙,'myog'
뽈,'pol'
쭘,'chum'
삥,'ping'
쨰,'chyae'
옭,'olg'
뤠,'rwe'
핱,'hat'
줌,'jum'
헵,'heb'
촬,'chwal'
샴,'syam'
의,'ui'
콱,'kwag'
됴,'dyo'
렛,'res'
챗,'chaes'
놘,'nwan'
인,'in'
뚸,'two'
엥,'eng'
됬,'does'
셴,'syen'
찾,'chaj'
춤,'chum'
쿡,'kug'
앳,'aes'
앙,'ang'
뺌,'paem'
언,'eon'
딫,'dich'
찝,'chib'
쩝,'cheob'
씄,'seus'
슝,'syung'
쌜,'sael'
변,'byeon'
읏,'eus'
롹,'rwag'
한,'han'
웟,'wos'
헉,'heog'
궤,'gwe'
헐,'heol'
뜯,'teud'
녁,'nyeog'
꿔,'kwo'
뉠,'nwil'
볏,'byeos'
헹,'heng'
캑,'kaeg'
뚱,'tung'
륵,'reug'
판,'pan'
종,'jong'
탙,'tat'
욧,'yos'
큣,'kyus'
핑,'ping'
엽,'yeob'
찹,'chab'
뿜,'pum'
사,'sa'
찜,'chim'
겠,'ges'
듣,'deud'
콤,'kom'
랍,'rab'
벵,'beng'
낼,'nael'
뺘,'pya'
뛴,'twin'
렝,'reng'
켐,'kem'
쌧,'saes'
슾,'seup'
혔,'hyeos'
썽,'seong'
펼,'pyeol'
뫼,'moe'
뷘,'bwin'
땝,'taeb'
걍,'gyang'
중,'jung'
카,'ka'
괌,'gwam'
섬,'seom'
곤,'gon'
첨,'cheom'
젊,'jeolm'
가,'ga'
퓨,'pyu'
둥,'dung'
뎠,'dyeos'
싰,'sis'
은,'eun'
웠,'wos'
딿,'talh'
맛,'mas'
배,'bae'
꽥,'kwaeg'
맨,'maen'
넓,'neolb'
찢,'chij'
릿,'ris'
뼛,'pyeos'
껐,'keos'
팠,'pas'
과,'gwa'
넷,'nes'
받,'bad'
폐,'pye'
싹,'sag'
쌂,'salm'
빚,'bij'
딨,'dis'
벘,'beos'
똫,'toh'
푀,'poe'
넌,'neon'
탄,'tan'
곯,'golh'
싫,'silh'
침,'chim'
질,'jil'
뜰,'teul'
팻,'paes'
큿,'keus'
몹,'mob'
것,'geos'
쯤,'cheum'
빽,'paeg'
퉜,'twos'
옫,'od'
터,'teo'
뇌,'noe'
켈,'kel'
넥,'neg'
달,'dal'
얹,'eonj'
셀,'sel'
화,'hwa'
껵,'kyeog'
쳤,'chyeos'
횟,'hoes'
철,'cheol'
쯪,'cheuj'
팟,'pas'
흑,'heug'
떽,'teg'
챂,'chap'
차,'cha'
흰,'huin'
홀,'hol'
돔,'dom'
겻,'gyeos'
떻,'teoh'
꼇,'kyeos'
뱁,'baeb'
엄,'eom'
솝,'sob'
낯,'nach'
깁,'gib'
빤,'pan'
쉐,'swe'
펨,'pem'
뗬,'tyeos'
반,'ban'
쭤,'chwo'
삼,'sam'
체,'che'
띡,'tig'
망,'mang'
뀨,'kyu'
햄,'haem'
드,'deu'
밥,'bab'
뒤,'dwi'
백,'baeg'
킥,'kig'
버,'beo'
딲,'tak'
옥,'og'
뀐,'kwin'
샹,'syang'
쐴,'soel'
췔,'chwel'
슘,'syum'
룹,'rub'
숍,'syob'
혐,'hyeom'
쨋,'chaes'
쿌,'kyol'
긃,'geulb'
궈,'gwo'
옵,'ob'
맿,'maeh'
회,'hoe'
펭,'peng'
깅,'ging'
쑥,'sug'
씰,'sil'
뗄,'tel'
츠,'cheu'
긋,'geus'
슦,'seuk'
킷,'kis'
몇,'myeoch'
올,'ol'
밸,'bael'
또,'to'
픗,'peus'
챌,'chael'
얍,'yab'
댈,'dael'
핍,'pib'
켓,'kes'
딧,'dis'
븅,'byung'
찻,'chas'
셩,'syeong'
퀀,'kwon'
뚜,'tu'
캍,'kat'
갠,'gaen'
션,'syeon'
라,'ra'
낡,'nalg'
찡,'ching'
쓕,'syug'
냇,'naes'
뿟,'pus'
툐,'tyo'
걧,'gyaes'
콕,'kog'
쌍,'sang'
갚,'gap'
요,'yo'
횐,'hoen'
계,'gye'
쏠,'sol'
맻,'maech'
옜,'yes'
뛌,'twos'
밤,'bam'
굴,'gul'
윷,'yuch'
너,'neo'
멘,'men'
훨,'hwol'
쉣,'swes'
컨,'keon'
묽,'mulg'
갇,'gad'
초,'cho'
멩,'meng'
쉿,'swis'
지,'ji'
닜,'nis'
퓸,'pyum'
경,'gyeong'
찍,'chig'
쉽,'swib'
끍,'keulg'
믈,'meul'
쉬,'swi'
빛,'bich'
깥,'kat'
엤,'es'
알,'al'
량,'ryang'
깽,'kaeng'
삣,'pis'
걈,'gyam'
팁,'tib'
뜷,'teulh'
봐,'bwa'
준,'jun'
립,'rib'
쇄,'swae'
썪,'seok'
튀,'twi'
혬,'hyem'
장,'jang'
팍,'pag'
쪈,'chyeon'
웝,'wob'
곗,'gyes'
칸,'kan'
짝,'chag'
쑤,'su'
걤,'gyaem'
런,'reon'
봡,'bwab'
듦,'deulm'
늬,'nui'
존,'jon'
핌,'pim'
갱,'gaeng'
뽝,'pwag'
껜,'ken'
팬,'paen'
딸,'tal'
틸,'til'
처,'cheo'
눕,'nub'
댤,'dyal'
팡,'pang'
함,'ham'
짚,'jip'
액,'aeg'
잰,'jaen'
틈,'teum'
덫,'deoch'
윰,'yum'
둘,'dul'
칬,'chis'
건,'geon'
띔,'tuim'
벋,'beod'
눴,'nwos'
명,'myeong'
얼,'eol'
충,'chung'
쌌,'sas'
쫄,'chol'
푹,'pug'
큭,'keug'
좃,'jos'
풉,'pub'
할,'hal'
쨌,'chaes'
황,'hwang'
티,'ti'
펄,'peol'
묵,'mug'
윅,'wig'
착,'chag'
납,'nab'
쳇,'ches'
쎙,'seng'
늑,'neug'
천,'cheon'
큔,'kyun'
먙,'myat'
대,'dae'
왱,'waeng'
렀,'reos'
뾱,'pyog'
랐,'ras'
롤,'rol'
냬,'nyae'
숏,'syos'
뒨,'dwin'
널,'neol'
뵌,'boen'
녀,'nyeo'
덮,'deop'
좀,'jom'
싼,'san'
덷,'ded'
킹,'king'
흩,'heut'
붜,'bwo'
꽤,'kwae'
젓,'jeos'
비,'bi'
봠,'bwam'
걸,'geol'
렌,'ren'
낋,'kilh'
옘,'yem'
젭,'jeb'
벅,'beog'
윳,'yus'
놉,'nob'
뷴,'byun'
텋,'teoh'
캇,'kas'
랫,'raes'
벛,'beoch'
궐,'gwol'
뎁,'deb'
앗,'as'
겜,'gem'
씨,'si'
쁨,'peum'
땜,'taem'
큡,'kyub'
찰,'chal'
자,'ja'
였,'yeos'
캣,'kaes'
빔,'bim'
댁,'daeg'
첩,'cheob'
슐,'syul'
롱,'rong'
쨍,'chaeng'
멎,'meoj'
벝,'beot'
먀,'mya'
륑,'rwing'
랴,'rya'
났,'nas'
얏,'yas'
릉,'reung'
댇,'daed'
삻,'salh'
뽑,'pob'
뇰,'nyol'
딴,'tan'
밖,'bak'
핫,'has'
에,'e'
닌,'nin'
높,'nop'
꺤,'kyaen'
뇽,'nyong'
멸,'myeol'
빵,'pang'
떳,'teos'
물,'mul'
콘,'kon'
쩬,'chen'
떵,'teong'
썃,'syas'
쿵,'kung'
얽,'eolg'
뛸,'twil'
웅,'ung'
짜,'cha'
랏,'ras'
쟤,'jyae'
캤,'kaes'
갈,'gal'
됨,'doem'
더,'deo'
섞,'seok'
뿔,'pul'
뜩,'teug'
쫍,'chob'
뺨,'pyam'
짤,'chal'
꽜,'kwas'
뭠,'mwom'
몁,'myeob'
쩻,'ches'
쪗,'chyeos'
푤,'pyol'
래,'rae'
꼭,'kog'
옴,'om'
실,'sil'
잛,'jalb'
랬,'raes'
뱡,'byang'
럴,'reol'
튤,'tyul'
믹,'mig'
찟,'chis'
뭥,'mwong'
머,'meo'
볕,'byeot'
꼄,'kyeom'
론,'ron'
꼼,'kom'
핏,'pis'
왐,'wam'
궂,'guj'
뢍,'rwang'
돌,'dol'
꼽,'kob'
꾀,'koe'
폭,'pog'
뱃,'baes'
놀,'nol'
닦,'dak'
삑,'pig'
쯘,'cheun'
첼,'chel'
앱,'aeb'
꽷,'kwaes'
좆,'joj'
땁,'tab'
쟬,'jyael'
찼,'chas'
뤘,'rwos'
뻬,'pe'
숄,'syol'
헸,'hes'
뀔,'kwil'
렐,'rel'
곪,'golm'
쥰,'jyun'
챚,'chaej'
훅,'hug'
임,'im'
튿,'teud'
갭,'gaeb'
송,'song'
흠,'heum'
쫀,'chon'
끽,'kig'
맵,'maeb'
칫,'chis'
숲,'sup'
팄,'tis'
낟,'nad'
씉,'seut'
몄,'myeos'
픈,'peun'
얇,'yalb'
롷,'roh'
봣,'bwas'
잊,'ij'
쥐,'jwi'
캄,'kam'
쎠,'syeo'
푠,'pyon'
쓴,'seun'
썜,'syaem'
앞,'ap'
쭗,'chulh'
뉘,'nwi'
렴,'ryeom'
씁,'seub'
줘,'jwo'
습,'seub'
레,'re'
뒷,'dwis'
쟁,'jaeng'
텐,'ten'
휼,'hyul'
앖,'abs'
뜻,'teus'
섯,'seos'
젰,'jes'
깨,'kae'
욱,'ug'
갉,'galg'
키,'ki'
빗,'bis'
묶,'muk'
눗,'nus'
룽,'rung'
뭬,'mwe'
뗐,'tes'
놓,'noh'
입,'ib'
례,'rye'
뜽,'teung'
닯,'dalb'
쫌,'chom'
홰,'hwae'
땡,'taeng'
팼,'paes'
승,'seung'
식,'sig'
픕,'peub'
렷,'ryeos'
텅,'teong'
고,'go'
권,'gwon'
쏴,'swa'
삧,'pich'
몬,'mon'
술,'sul'
늪,'neup'
졍,'jyeong'
뗘,'tyeo'
멜,'mel'
덩,'deong'
힌,'hin'
쎌,'sel'
념,'nyeom'
뻰,'pen'
굘,'gyol'
봉,'bong'
꽈,'kwa'
줬,'jwos'
늦,'neuj'
꿜,'kwol'
난,'nan'
썹,'seob'
겪,'gyeok'
둬,'dwo'
엿,'yeos'
뚠,'tun'
럤,'ryaes'
캐,'kae'
프,'peu'
꺌,'kyal'
삠,'pim'
느,'neu'
헥,'heg'
빢,'pak'
젬,'jem'
퀏,'kwos'
롭,'rob'
쏵,'swag'
꿘,'kwon'
접,'jeob'
챙,'chaeng'
험,'heom'
날,'nal'
훑,'hult'
탐,'tam'
빅,'big'
쟀,'jaes'
엩,'et'
쭁,'chyong'
혠,'hyen'
볼,'bol'
극,'geug'
읖,'eup'
적,'jeog'
꼴,'kol'
갤,'gael'
췌,'chwe'
뽂,'pok'
됫,'does'
픔,'peum'
덱,'deg'
콸,'kwal'
껍,'keob'
광,'gwang'
쭌,'chun'
기,'gi'
댐,'daem'
델,'del'
훗,'hus'
룃,'roes'
업,'eob'
곽,'gwag'
쪙,'chyeong'
묻,'mud'
낮,'naj'
엉,'eong'
켯,'kyeos'
껀,'keon'
끊,'keunh'
뇨,'nyo'
운,'un'
엡,'eb'
푿,'pud'
많,'manh'
젝,'jeg'
끝,'keut'
톨,'tol'
별,'byeol'
볌,'byeom'
학,'hag'
퓰,'pyul'
플,'peul'
절,'jeol'
벚,'beoj'
혓,'hyeos'
껑,'keong'
뢴,'roen'
닻,'dach'
챔,'chaem'
될,'doel'
뽜,'pwa'
턴,'teon'
햬,'hyae'
밈,'mim'
봽,'bwaeb'
왯,'waes'
항,'hang'
꾸,'ku'
뽐,'pom'
렙,'reb'
뉸,'nyun'
켁,'keg'
멨,'mes'
촛,'chos'
웍,'wog'
촥,'chwag'
죠,'jyo'
휸,'hyun'
꽹,'kwaeng'
게,'ge'
죄,'joe'
꿰,'kwe'
얜,'yaen'
울,'ul'
밍,'ming'
컷,'keos'
쉭,'swig'
쩟,'cheos'
챘,'chaes'
치,'chi'
렁,'reong'
엷,'yeolb'
칼,'kal'
옮,'olm'
짐,'jim'
김,'gim'
녜,'nye'
돚,'doj'
뱍,'byag'
징,'jing'
렇,'reoh'
논,'non'
첸,'chen'
틍,'teung'
칡,'chilg'
줄,'jul'
봥,'bwang'
똡,'tob'
즘,'jeum'
었,'eos'
팸,'paem'
닿,'dah'
쩡,'cheong'
렿,'ryeoh'
잘,'jal'
음,'eum'
낳,'nah'
뿕,'pulg'
믁,'meug'
멤,'mem'
끗,'keus'
쏱,'sot'
토,'to'
둑,'dug'
랙,'raeg'
걔,'gyae'
소,'so'
춰,'chwo'
진,'jin'
닪,'danh'
짦,'chalm'
봤,'bwas'
붉,'bulg'
썩,'seog'
펴,'pyeo'
값,'gabs'
즈,'jeu'
냉,'naeng'
팝,'pab'
확,'hwag'
귐,'gwim'
뿍,'pug'
귀,'gwi'
넹,'neng'
랒,'raj'
횰,'hyol'
닥,'dag'
옳,'olh'
편,'pyeon'
쿠,'ku'
슁,'swing'
띃,'teuh'
힛,'his'
첵,'cheg'
녕,'nyeong'
쑨,'sun'
냄,'naem'
썬,'seon'
걱,'geog'
뭄,'mum'
람,'ram'
쩨,'che'
얄,'yal'
좐,'jwan'
본,'bon'
맽,'maet'
볍,'byeob'
킁,'keung'
찮,'chanh'
펩,'peb'
퉤,'twe'
껨,'kem'
좜,'jwam'
을,'eul'
볶,'bok'
굔,'gyon'
읔,'euk'
땍,'taeg'
얬,'yaes'
뻤,'peos'
쩠,'cheos'
숯,'such'
괜,'gwaen'
혼,'hon'
힘,'him'
윽,'eug'
살,'sal'
연,'yeon'
쎈,'sen'
품,'pum'
웜,'wom'
굼,'gum'
똘,'tol'
읒,'euj'
영,'yeong'
련,'ryeon'
맥,'maeg'
쩍,'cheog'
옅,'yeot'
샛,'saes'
샬,'syal'
향,'hyang'
썅,'syang'
갔,'gas'
찦,'chip'
퇼,'toel'
릅,'reub'
같,'gat'
뎅,'deng'
셥,'syeob'
쓍,'swing'
옆,'yeop'
뉴,'nyu'
잃,'ilh'
형,'hyeong'
귓,'gwis'
얠,'yael'
옉,'yeg'
탉,'talg'
엣,'es'
쌓,'sah'
섹,'seg'
쮜,'chwi'
빈,'bin'
겹,'gyeob'
렸,'ryeos'
뺏,'paes'
땠,'taes'
힝,'hing'
쇽,'syog'
쁠,'peul'
외,'oe'
웨,'we'
뭘,'mwol'
뭍,'mut'
늄,'nyum'
쬬,'chyo'
퐈,'pwa'
듈,'dyul'
맹,'maeng'
앤,'aen'
큇,'kwis'
엎,'eop'
환,'hwan'
씽,'sing'
까,'ka'
땅,'tang'
샅,'sat'
꿀,'kul'
태,'tae'
낙,'nag'
놔,'nwa'
옯,'olb'
몽,'mong'
캉,'kang'
쇼,'syo'
잦,'jaj'
령,'ryeong'
뱄,'baes'
괴,'goe'
쪄,'chyeo'
뗏,'tes'
셸,'syel'
껏,'keos'
도,'do'
겡,'geng'
뉼,'nyul'
타,'ta'
용,'yong'
후,'hu'
쾅,'kwang'
혁,'hyeog'
집,'jib'
쿄,'kyo'
쌋,'sas'
텄,'teos'
튬,'tyum'
냘,'nyal'
깄,'gis'
뚫,'tulh'
녓,'nyeos'
뿅,'pyong'
컹,'keong'
삶,'salm'
긁,'geulg'
국,'gug'
듬,'deum'
팎,'pak'
육,'yug'
득,'deug'
힙,'hib'
면,'myeon'
캭,'kyag'
뉜,'nwin'
떱,'teob'
폄,'pyeom'
빴,'pas'
죽,'jug'
크,'keu'
룩,'rug'
이,'i'
힐,'hil'
폰,'pon'
벼,'byeo'
뺑,'paeng'
센,'sen'
는,'neun'
닭,'dalg'
공,'gong'
킵,'kib'
시,'si'
락,'rag'
뚤,'tul'
폈,'pyeos'
며,'myeo'
롸,'rwa'
렘,'rem'
쳥,'chyeong'
덥,'deob'
앰,'aem'
츨,'cheul'
엠,'em'
암,'am'
썰,'seol'
꾜,'kyo'
엔,'en'
꿇,'kulh'
낏,'kis'
헝,'heong'
끙,'keung'
춥,'chub'
덧,'deos'
택,'taeg'
세,'se'
픙,'peung'
앴,'aes'
펀,'peon'
셈,'sem'
칧,'chilh'
횔,'hoel'
랟,'raed'
읎,'eubs'
박,'bag'
됄,'dwael'
흥,'heung'
팅,'ting'
로,'ro'
쉘,'swel'
쓱,'seug'
옂,'yeoj'
멀,'meol'
핀,'pin'
슈,'syu'
홧,'hwas'
굥,'gyong'
줴,'jwe'
풋,'pus'
률,'ryul'
훼,'hwe'
채,'chae'
만,'man'
뻗,'peod'
뭑,'mwog'
횩,'hyog'
댓,'daes'
곁,'gyeot'
핼,'hael'
압,'ab'
탭,'taeb'
끌,'keul'
넛,'neos'
쌰,'sya'
죙,'joeng'
먕,'myang'
욌,'oes'
닛,'nis'
릈,'reus'
됙,'doeg'
쥼,'jyum'
밝,'balg'
줜,'jwon'
묭,'myong'
료,'ryo'
먁,'myag'
곱,'gob'
걜,'gyael'
름,'reum'
코,'ko'
겄,'geos'
냈,'naes'
섰,'seos'
테,'te'
뼈,'pyeo'
축,'chug'
린,'rin'
바,'ba'
옷,'os'
깰,'kael'
첫,'cheos'
칭,'ching'
틀,'teul'
믕,'meung'
갑,'gab'
양,'yang'
뺄,'pael'
꺄,'kya'
굳,'gud'
읽,'ilg'
빼,'pae'
퐅,'pot'
펌,'peom'
틑,'teut'
잤,'jas'
쨀,'chael'
퀘,'kwe'
귯,'gyus'
쁘,'peu'
즉,'jeug'
튜,'tyu'
휑,'hweng'
쥔,'jwin'
켔,'kes'
헤,'he'
위,'wi'
쉑,'sweg'
쒹,'swig'
앨,'ael'
녹,'nog'
귬,'gyum'
삽,'sab'
단,'dan'
뚬,'tum'
돕,'dob'
수,'su'
죤,'jyon'
끈,'keun'
깜,'kam'
쟈,'jya'
꺅,'kyag'
견,'gyeon'
산,'san'
삵,'salg'
짯,'chas'
껄,'keol'
쏜,'son'
삔,'pin'
쵤,'choel'
벱,'beb'
쌀,'sal'
뤤,'rwen'
떠,'teo'
벤,'ben'
불,'bul'
펜,'pen'
밭,'bat'
맏,'mad'
셌,'ses'
뵜,'boes'
겓,'ged'
쥑,'jwig'
상,'sang'
펑,'peong'
앚,'aj'
굣,'gyos'
덯,'deoh'
훝,'hut'
괘,'gwae'
럿,'reos'
밌,'mis'
캘,'kael'
뢉,'rwab'
꾿,'kud'
괭,'gwaeng'
군,'gun'
폴,'pol'
엇,'eos'
줠,'jwol'
졉,'jyeob'
짇,'jid'
둠,'dum'
씌,'sui'
츰,'cheum'
핵,'haeg'
쏘,'so'
했,'haes'
믐,'meum'
낢,'nalm'
뷸,'byul'
밲,'baek'
툭,'tug'
슥,'seug'
밎,'mij'
새,'sae'
얻,'eod'
성,'seong'
혤,'hyel'
촘,'chom'
뜹,'teub'
흔,'heun'
선,'seon'
첬,'cheos'
멓,'meoh'
뤼,'rwi'
온,'on'
잉,'ing'
밟,'balb'
꿩,'kwong'
똠,'tom'
멱,'myeog'
감,'gam'
욕,'yog'
룻,'rus'
복,'bog'
능,'neung'
겋,'geoh'
청,'cheong'
셨,'syeos'
발,'bal'
템,'tem'
쁜,'peun'
즐,'jeul'
깼,'kaes'
딘,'din'
옹,'ong'
쏙,'sog'
쏭,'song'
잿,'jaes'
슉,'syug'
뢰,'roe'
뛘,'twen'
짊,'jilm'
윗,'wis'
섣,'seod'
퉈,'two'
뎀,'dem'
끔,'keum'
퀼,'kwil'
츄,'chyu'
력,'ryeog'
퐉,'pwag'
혜,'hye'
홈,'hom'
텨,'tyeo'
뎌,'dyeo'
뼉,'pyeog'
셤,'syeom'
욜,'yol'
넙,'neob'
쳐,'chyeo'
듀,'dyu'
밨,'bas'
구,'gu'
핸,'haen'
두,'du'
잎,'ip'
웰,'wel'
쨔,'chya'
똑,'tog'
슬,'seul'
땀,'tam'
빨,'pal'
남,'nam'
벌,'beol'
힉,'hig'
꾹,'kug'
흡,'heub'
켸,'kye'
젋,'jeolb'
십,'sib'
쓰,'seu'
쉪,'swep'
떈,'tyaen'
껴,'kyeo'
겸,'gyeom'
럽,'reob'
탓,'tas'
볐,'byeos'
겔,'gel'
랜,'raen'
뀜,'kwim'
쟨,'jyaen'
콜,'kol'
덨,'deos'
뻥,'peong'
먼,'meon'
죗,'joes'
꺽,'keog'
깝,'kab'
니,'ni'
졔,'jye'
왓,'was'
퀸,'kwin'
팽,'paeng'
뿡,'pung'
뵙,'boeb'
꽉,'kwag'
얕,'yat'
괞,'gwaenh'
민,'min'
렵,'ryeob'
등,'deung'
븐,'beun'
튁,'twig'
앓,'alh'
분,'bun'
돈,'don'
재,'jae'
뼌,'pyeon'
설,'seol'
롯,'ros'
캅,'kab'
돗,'dos'
캎,'kap'
윤,'yun'
귄,'gwin'
깐,'kan'
맷,'maes'
띵,'ting'
커,'keo'
주,'ju'
떴,'teos'
뮬,'myul'
릴,'ril'
쪘,'chyeos'
욘,'yon'
댜,'dya'
쿤,'kun'
하,'ha'
쵸,'chyo'
씀,'seum'
맀,'ris'
츳,'cheus'
묀,'moen'
랄,'ral'
총,'chong'
퍽,'peog'
꼬,'ko'
겟,'ges'
팜,'pam'
걉,'gyab'
얉,'yalt'
끼,'ki'
족,'jog'
볻,'bod'
껌,'keom'
벙,'beong'
릏,'reuh'
똣,'tos'
컾,'keop'
노,'no'
삐,'pi'
놧,'nwas'
내,'nae'
솥,'sot'
약,'yag'
앵,'aeng'
텃,'teos'
답,'dab'
잭,'jaeg'
따,'ta'
쒀,'swo'
쳉,'cheng'
막,'mag'
샥,'syag'
훙,'hung'
뷰,'byu'
쉈,'swos'
뿐,'pun'
월,'wol'
휴,'hyu'
붐,'bum'
싶,'sip'
객,'gaeg'
뻣,'peos'
맣,'mah'
텝,'teb'
르,'reu'
켜,'kyeo'
촉,'chog'
쟝,'jyang'
쯩,'cheung'
뭉,'mung'
낸,'naen'
쫑,'chong'
검,'geom'
쌩,'saeng'
열,'yeol'
닐,'nil'
늙,'neulg'
떤,'teon'
블,'beul'
뮤,'myu'
럼,'reom'
얀,'yan'
롄,'ryen'
녘,'nyeok'
챡,'chyag'
겐,'gen'
탕,'tang'
쪠,'chye'
똥,'tong'
옙,'yeb'
휭,'hwing'
곳,'gos'
데,'de'
꼿,'kos'
팥,'pat'
녔,'nyeos'
베,'be'
펍,'peob'
샀,'sas'
른,'reun'
눠,'nwo'
털,'teol'
겉,'geot'
홤,'hwam'
전,'jeon'
잔,'jan'
뉩,'nwib'
